ID,Input SMILES,manual,StereoMolGraph,InChI,RDKit SMILES,chython
VS001,C1[C@]2(CCCC1)CC=CC2,Achiral,Achiral,Achiral,Achiral,Achiral
VS002,C1=CCC=CC=C1,Achiral,Achiral,Achiral,Achiral,Achiral
VS003,C[S@@](=O)C,Achiral,Achiral,Achiral,Achiral,Achiral
VS004,C1=CC=C2C(=C1)CCC=C2,Achiral,Achiral,Achiral,Achiral,Achiral
VS005,OC=1C=CC=CC1[C@H](C2=CC=CC=C2O)O,Achiral,Achiral,Achiral,Achiral,Achiral
VS006,C1[C@H]2C[C@H]3C[C@@H]1C[C@@H](C2)C3,Achiral,Achiral,Achiral,Achiral,Achiral
VS008,C=1[C@@H]2C=C[C@H](C1)C=C2,Achiral,Achiral,Achiral,Achiral,Achiral
VS009,[C@@H]12[C@H]3[C@H]4[C@@H]1[C@@H]5[C@H]4[C@H]3[C@H]25,Achiral,Achiral,Achiral,Achiral,Achiral
VS012,C1=C2CC=C3[C@]24C(CC=C4C1)=CC3,Achiral,Achiral,Achiral,Achiral,Achiral
VS013,CC\C(\C(\C)=N\O)=N\O,Achiral,Achiral,Achiral,Achiral,Achiral
VS014,[O-][N+](C=1C=CC(=CC1)[S@@](OCC)=O)=O,Chiral,Chiral,Chiral,Chiral,Achiral
VS015,[SiH3][C@]([GeH3])(OC)SC,Chiral,Chiral,Chiral,Chiral,Achiral
VS016,O=C([C@H]([C@H]([C@@H](C(O)=O)Cl)Cl)Cl)O,Chiral,Chiral,Chiral,Chiral,Chiral
VS017,O=C([C@@H]([C@H]([C@H](C(O)=O)Cl)Cl)Cl)O,Chiral,Chiral,Chiral,Chiral,Chiral
VS018,C1[C@@H]2C=C[C@H](CCCCCC\C=C\C1)CC2,Chiral,Chiral,Chiral,Chiral,Chiral
VS019,C1CCCCC\C=C\C1,Achiral,Achiral,Achiral,Achiral,Chiral
VS020,CCCCCCCCCC/C(=C(\C#N)/Br)/I,Achiral,Achiral,Achiral,Achiral,Achiral
VS021,C[C@H](CC)O,Chiral,Chiral,Chiral,Chiral,Chiral
VS024,C[C@H]1[C@@H]2CC[C@H]1[C@H](C2=O)Br,Chiral,Chiral,Chiral,Chiral,Chiral
VS025,FC(CN1[C@@H](C2=CC=CS2)CCC1)(F)F,Chiral,Chiral,Chiral,Chiral,Chiral
VS026,O[C@@H]/1CC/C=C\CC[C@H](\C=C1)C(C)C,Chiral,Chiral,Chiral,Chiral,Chiral
VS027,Cl[C@@H]([C@H]1CCCO1)F,Chiral,Chiral,Chiral,Chiral,Chiral
VS028,C[C@H]1CCC[C@@]12C[C@H](CCC2)C,Chiral,Chiral,Chiral,Chiral,Chiral
VS029,O=C(C1([C@@H]([C@H]([C@@H](C1)Cl)Cl)Cl)C(=O)O)O,Chiral,Chiral,Chiral,Chiral,Chiral
VS030,O=C(C1([C@H]([C@@H]([C@H](C1)Cl)Cl)Cl)C(=O)O)O,Chiral,Chiral,Chiral,Chiral,Chiral
VS031,[Br-].C[N@+](C=1C=CC=CC1)(CC=2C=CC=CC2)CC=C,Chiral,Chiral,Chiral,Chiral,Achiral
VS032,O[C@H](/C=N\C)C1=NC=CC=C1,Chiral,Chiral,Chiral,Chiral,Chiral
VS033,O[C@H](/C=N\C)C=1N=CC=CC1,Chiral,Chiral,Chiral,Chiral,Chiral
VS034,Br[C@H]1[C@H](C[C@H](CC1)Br)Br,Chiral,Chiral,Chiral,Chiral,Chiral
VS035,O[C@@H]1CCCC[C@H]1[C@@H](F)Cl,Chiral,Chiral,Chiral,Chiral,Chiral
VS036,N(=N\C1=CC=CC=C1)\C2=CC=CC=C2,Achiral,Achiral,Achiral,Achiral,Achiral
VS037,C1=CC2=C([C@@]13N=CCO3)C=CC=C2,Chiral,Chiral,Chiral,Chiral,Chiral
VS038,CC(C)O[P@](C)(F)=O,Chiral,Chiral,Chiral,Chiral,Achiral
VS039,CC(C)O[P@@](C)(F)=O,Chiral,Chiral,Chiral,Chiral,Achiral
VS040,CC1(OC2=C(C=3NC[C@@]4(C3C=C2)C([C@@H]5C[C@@]67C(N([C@]5(C4)CN6CC[C@@]7(C)O)C)=O)(C)C)OC=C1)C,Chiral,Chiral,Chiral,Chiral,Chiral
VS041,C/C(=C/1\C=2C(=CC=CC2)C=C1)/CC,Achiral,Achiral,Achiral,Achiral,Achiral
VS042,CC1=C(C=CC=C1)/N=N/P(=O)([O-])OC,Achiral,Achiral,Achiral,Achiral,Achiral
VS043,C[C@]12C[C@@H](CCC1)CCCCCCCC2,Chiral,Chiral,Chiral,Chiral,Chiral
VS044,COP(=O)(/N=N/C1=CC(=CC=C1)F)[O-],Achiral,Achiral,Achiral,Achiral,Achiral
VS045,CC[N@@+](C=1C=CC=CC1)([O-])C,Chiral,Chiral,Chiral,Chiral,Achiral
VS046,O=C([C@]1([C@@H](CCC1)Cl)Cl)O,Chiral,Chiral,Chiral,Chiral,Chiral
VS047,O=C(O)[C@H]([C@H](C)Cl)O,Chiral,Chiral,Chiral,Chiral,Chiral
VS048,O=C(O)[C@@H]([C@H](C)Cl)O,Chiral,Chiral,Chiral,Chiral,Chiral
VS049,O=S(/C=C(\C=C\C(=O)O)/C(=C/C)/Cl)(=O)O,Achiral,Achiral,Achiral,Achiral,Achiral
VS050,C1[C@H]2[C@@H](C[C@H]3[C@@H]1CCCC3)CCCC2,Achiral,Achiral,Achiral,Achiral,Achiral
VS051,CC1=C2CC[C@](OC2=C(C(=C1O)C)C)(CCC[C@@H](CCC[C@@H](CCCC(C)C)C)C)C,Chiral,Chiral,Chiral,Chiral,Chiral
VS052,O[C@@H]1C[C@@]2(CC[C@@]1(O)C)C(CCCC2(C)C)=O,Chiral,Chiral,Chiral,Chiral,Chiral
VS053,C/C=C/C=C/CC(OC[C@H](OC(C/C=C/C=C/C)=O)CO)=O,Chiral,Chiral,Chiral,Chiral,Chiral
VS054,[Br-].OC=1C=CC([P@+]2(CCC3=CC=CC=C3C2)C4=CC=CC=C4)=CC1,Chiral,Chiral,Chiral,Chiral,Achiral
VS056,O=C(O[C@@H]1[C@@H](SC2=C(N(C1=O)CCN(C)C)C=CC=C2)C3=CC=C(C=C3)OC)C,Chiral,Chiral,Chiral,Chiral,Chiral
VS058,CC/C=C\C=C\CC,Achiral,Achiral,Achiral,Achiral,Achiral
VS059,C[N@+](CCC)(CC)C=1C=CC=CC1,Chiral,Chiral,Chiral,Chiral,Achiral
VS060,C/C=C\C,Achiral,Achiral,Achiral,Achiral,Achiral
VS061,C/C=C/C,Achiral,Achiral,Achiral,Achiral,Achiral
VS062,C1[C@@]/2(CC=C1)CCCCC/C=C2,Achiral,Achiral,Achiral,Achiral,Achiral
VS064,CC[C@H](C1CC1)Cl,Chiral,Chiral,Chiral,Chiral,Chiral
VS065,C1[C@@H]2[C@@H](N[C@H]3[C@@H]1CCCC3)CCCC2,Chiral,Chiral,Chiral,Chiral,Chiral
VS066,C[C@@H]([C@H](C)Br)O,Chiral,Chiral,Chiral,Chiral,Chiral
VS067,C[C@H]([C@@H](C)Br)O,Chiral,Chiral,Chiral,Chiral,Chiral
VS068,[Na+].S=[P@@]([O-])(C)OC(C)C,Chiral,Chiral,Chiral,Chiral,Achiral
VS069,C=1[C@H]2CC[C@@H](C1)C2,Achiral,Achiral,Achiral,Achiral,Achiral
VS070,C[C@]12[C@@H]3[C@](CC[C@@H]1O)(OC2=O)[C@H]4[C@@]5([C@H]3C(=O)O)C[C@@](CC4)(C(C5)=C)O,Chiral,Chiral,Chiral,Chiral,Chiral
VS071,O=[P@@](C=1C=CC=CC1)(C)CCC,Chiral,Chiral,Chiral,Chiral,Achiral
VS074,C[S@](=O)C=1C=CC=CC1,Chiral,Chiral,Chiral,Chiral,Achiral
VS075,O[C@@H]1[C@H]2C[C@H](C[C@@H]([C@H](CC1)OC)O2)I,Chiral,Chiral,Chiral,Chiral,Chiral
VS076,Cl[C@@H](O)C,Chiral,Chiral,Chiral,Chiral,Chiral
VS077,Cl[C@H](O)C,Chiral,Chiral,Chiral,Chiral,Chiral
VS080,C[C@H]1[C@H](CCCC1)C,Achiral,Achiral,Achiral,Achiral,Achiral
VS081,C#CCN1[C@@H](CCCC1)C2=CN=CC=C2,Chiral,Chiral,Chiral,Chiral,Chiral
VS082,C[C@@]12CC3=C(C[C@H]1CCCC2)C=CC=C3,Chiral,Chiral,Chiral,Chiral,Chiral
VS083,O[C@@H](C(CCC1C=C1)(CCC2C=C2)CCC3C=C3)[C@@]45C=C[C@@H](C=C4)C=C5,Chiral,Chiral,Chiral,Chiral,Chiral
VS084,O1[C@@H]2[C@@H]3CO[C@H]([C@@H]21)O3,Chiral,Chiral,Chiral,Chiral,Chiral
VS085,ClC=1\C(\C=C2C1C=CC=C2)=C\C,Achiral,Achiral,Achiral,Achiral,Achiral
VS087,C[C@@H](C=1C=CC(\C=C\O/C=C/C=2C=CC(=CC2)[C@H](C)C(=O)O)=CC1)C(=O)O,Chiral,Chiral,Chiral,Chiral,Chiral
VS088,C[C@@H](C=1C=CC(/C=C\O/C=C/C=2C=CC(=CC2)[C@H](C)C(=O)O)=CC1)C(=O)O,Chiral,Chiral,Chiral,Chiral,Chiral
VS089,COC[C@H]1CO1,Chiral,Chiral,Chiral,Chiral,Chiral
VS090,C[C@H](C=C)O,Chiral,Chiral,Chiral,Chiral,Chiral
VS091,C[C@@]12CCC[C@]3([C@@]14[C@@]5([C@@]6(CC2)CCC[C@]5(CC3)S6)O4)O,Chiral,Chiral,Chiral,Chiral,Chiral
VS092,O[C@H](CO)C=O,Chiral,Chiral,Chiral,Chiral,Chiral
VS093,C1CCCC/C=C\C=C\C1,Achiral,Achiral,Achiral,Achiral,Chiral
VS094,Cl[C@@H](C=1C=CC=CC1)CC,Chiral,Chiral,Chiral,Chiral,Chiral
VS095,[Cl-].OC=1C=CC([P@+]2(CCC3=CC=CC=C3C2)C=4C=CC=CC4)=CC1,Chiral,Chiral,Chiral,Chiral,Achiral
VS096,O/N=C(\C1=CC=C(C=C1)Cl)/C2=CC=CC=C2,Achiral,Achiral,Achiral,Achiral,Achiral
VS097,O=C1N=C([N-]C=2C=CC=CC2)[C@H](C(N1)=O)C#N,Chiral,Chiral,Chiral,Chiral,Chiral
VS098,O[C@H]1[C@@H](CC[C@H](C1)C)C(C)C,Chiral,Chiral,Chiral,Chiral,Chiral
VS099,CC([C@@H](O)C1CC1)C,Chiral,Chiral,Chiral,Chiral,Chiral
VS100,C/C=C\C=C\CCC,Achiral,Achiral,Achiral,Achiral,Achiral
VS101,C/C=C/1\C/C(/CC1)=C/C,Achiral,Achiral,Achiral,Achiral,Achiral
VS102,Cl[C@H]1C[C@@H](C[C@@H](C1)[N+]([O-])=O)O[C@H](CC)C,Chiral,Chiral,Chiral,Chiral,Chiral
VS103,O=C([C@H]([C@H]([C@@H]([C@@H]([C@@H](C(O)=O)Cl)Cl)Cl)Cl)Cl)O,Chiral,Chiral,Chiral,Chiral,Chiral
VS104,C[Si@H](CCC)O,Chiral,Chiral,Chiral,Chiral,Achiral
VS105,FC[C@H]([C@@H]([C@H]([C@@H]([C@H](CF)F)CCBr)O)CCI)F,Chiral,Chiral,Chiral,Chiral,Chiral
VS106,N1CC[C@@H]2[C@@H]1CCCC2,Chiral,Chiral,Chiral,Chiral,Chiral
VS107,C\C=C(/C(=C\C=C\C)/CC(=O)O)\Cl,Achiral,Achiral,Achiral,Achiral,Achiral
VS108,C[C@H]1[C@@H](C[C@@H](C1)C)C,Chiral,Chiral,Chiral,Chiral,Chiral
VS109,C=C[C@H](C=O)O,Chiral,Chiral,Chiral,Chiral,Chiral
VS110,ClC1=CC=C(C=C1)/C(=C/C2=CC=CC=C2)/C3=CC=CC=C3,Achiral,Achiral,Achiral,Achiral,Achiral
VS111,F[C@H]1[C@@H]2C[C@H]([C@H]1CC2)Br,Chiral,Chiral,Chiral,Chiral,Chiral
VS112,O=C([C@@H]1[C@@H](CCC1)Cl)O,Chiral,Chiral,Chiral,Chiral,Chiral
VS113,Cl[C@@H]1[C@H](CCC1)C(=O)O,Chiral,Chiral,Chiral,Chiral,Chiral
VS114,N#C/C(=C(\Br)/I)/Br,Achiral,Achiral,Achiral,Achiral,Achiral
VS115,FC[C@H]([C@@H]([C@H]([C@@H]([C@H](CCl)F)CCBr)O)CCI)F,Chiral,Chiral,Chiral,Chiral,Chiral
VS116,Br[C@]1(C[C@@](CCC1)(CC)C)Cl,Chiral,Chiral,Chiral,Chiral,Chiral
VS117,I/C(=C(/Cl)\Br)/Br,Achiral,Achiral,Achiral,Achiral,Achiral
VS121,Cl\C\1=C\CCCCCCCCCC1,Achiral,Achiral,Achiral,Achiral,Achiral
VS122,O=[P@@](C=1C=CC=CC1)(C)OC,Chiral,Chiral,Chiral,Chiral,Achiral
VS123,O[C@H](C1CCC1)C2CC2,Chiral,Chiral,Chiral,Chiral,Chiral
VS125,O=C(C1=CC=NC=C1)N/N=C\2/[C@@H]3[C@@H](C2)C=CC3,Chiral,Chiral,Chiral,Chiral,Chiral
VS126,O=C([C@H]1C[C@H]([C@@H](OC=2C=CC(/C=C\O/C=C/C=3C=CC(=CC3)O[C@H]4[C@H](C[C@H](CC4)C(=O)O)O/C=C/C=5C=CC=CC5)=CC2)CC1)O/C=C/C=6C=CC=CC6)O,Chiral,Chiral,Chiral,Chiral,Chiral
VS127,O=C([C@@H]1C[C@@H]([C@H](OC=2C=CC(\C=C\O/C=C/C=3C=CC(=CC3)O[C@@H]4[C@@H](C[C@@H](CC4)C(=O)O)O/C=C/C=5C=CC=CC5)=CC2)CC1)O/C=C/C=6C=CC=CC6)O,Achiral,Achiral,Achiral,Achiral,Achiral
VS128,C[C@H]1C[C@@H]2C[C@H](C)[N@]1[C@@H](C)C2,Chiral,Chiral,Chiral,Chiral,Chiral
VS129,C[C@@H]1C[C@H]2C[C@@H](C)[N@@]1[C@H](C)C2,Chiral,Chiral,Chiral,Chiral,Chiral
VS130,O=[S@@](=S)(C=1C=CC=CC1)OC,Chiral,Chiral,Chiral,Chiral,Achiral
VS131,C1[C@@]2(CC[C@@]13OCCC3)CCCO2,Achiral,Achiral,Achiral,Achiral,Achiral
VS132,CC=1C=CC=2[N@@]3CC=4C=C(C=CC4[N@](CC2C1)C3)C,Achiral,Achiral,Achiral,Achiral,Achiral
VS133,C#CCOC[C@H]1OC1,Chiral,Chiral,Chiral,Chiral,Chiral
VS134,O[C@@H]1C=CC2=CC3=CC4=C5C6=C(C=CC7=C6C8=C(C=C7)C=C9CC%10=CC=CC%11=C%10C%12=C9C8=C5C3=C%12C2=C1%11)C=C4,Chiral,Chiral,Chiral,Chiral,Chiral
VS136,O=C(O[C@@H](C)CC)CC[C@@H](CC)Cl,Chiral,Chiral,Chiral,Chiral,Chiral
VS137,C/C=C(/C)\C(=O)O,Achiral,Achiral,Achiral,Achiral,Achiral
VS138,C[P@@](C=1C=CC=CC1)CCC,Chiral,Chiral,Chiral,Chiral,Achiral
VS139,CC[C@@H](C)Br,Chiral,Chiral,Chiral,Chiral,Chiral
VS140,C1/C=C/CCCCC1,Achiral,Achiral,Achiral,Achiral,Chiral
VS142,O[C@@H](C1CC1)C=O,Chiral,Chiral,Chiral,Chiral,Chiral
VS143,Cl[C@]12CCCC[C@@]1(CC[C@@H](C2)F)O,Chiral,Chiral,Chiral,Chiral,Chiral
VS145,C=C[C@@H](CC)O,Chiral,Chiral,Chiral,Chiral,Chiral
VS146,CCCCC/C=C\C[C@H](/C=C/C=C/C=C\[C@H](CCCC(O)=O)O)O,Chiral,Chiral,Chiral,Chiral,Chiral
VS147,O=[S@](CC)C,Chiral,Chiral,Chiral,Chiral,Achiral
VS148,O=C(\C=C\C(=O)O)O,Achiral,Achiral,Achiral,Achiral,Achiral
VS149,C[C@H](CO)Cl,Chiral,Chiral,Chiral,Chiral,Chiral
VS150,C[C@]12CCCC[C@@H]1CCOC2,Chiral,Chiral,Chiral,Chiral,Chiral
VS151,C=C[C@H](C#N)O,Chiral,Chiral,Chiral,Chiral,Chiral
VS152,O[C@@]12C[C@]3(C[C@@](C1)(C[C@H](C3)C2)Br)N,Chiral,Chiral,Chiral,Chiral,Chiral
VS153,C/C=C\C=C\C(=O)O,Achiral,Achiral,Achiral,Achiral,Achiral
VS156,C[C@H](OC)SC,Chiral,Chiral,Chiral,Chiral,Chiral
VS157,C[C@@](C=1C=CC(\C=C\O/C=C/C=2C=CC(=CC2)[C@H](C)C(=O)O)=CC1)(C(=O)O)Br,Chiral,Chiral,Chiral,Chiral,Chiral
VS159,C[C@@H]1[C@@H]2C[C@]([C@H]1C=C2)(C)Br,Chiral,Chiral,Chiral,Chiral,Chiral
VS160,O=C(OC[C@H]1C[C@@H]2C[C@H]1C=C2)CCl,Chiral,Chiral,Chiral,Chiral,Chiral
VS161,C/C=C\CC[C@H](C)Cl,Chiral,Chiral,Chiral,Chiral,Chiral
VS162,Cl[C@H](Br)F,Chiral,Chiral,Chiral,Chiral,Chiral
VS163,C[C@@H]([C@H](CO)Cl)Cl,Chiral,Chiral,Chiral,Chiral,Chiral
VS165,[Na+].[O-][P@](=S)(OC=1C=CC=CC1)OC,Chiral,Chiral,Chiral,Chiral,Achiral
VS167,OC[C@@H](CCl)Cl,Chiral,Chiral,Chiral,Chiral,Chiral
VS168,O[C@@H]([C@H](CC)C)C,Chiral,Chiral,Chiral,Chiral,Chiral
VS169,O[C@@H]([C@@H](CC)C)C,Chiral,Chiral,Chiral,Chiral,Chiral
VS170,[C@H](O)(SI)S#I,Achiral,Achiral,Achiral,Chiral,Chiral
VS171,O[C@@H](C(CCC1CC1)(CCC2CC2)CCC3CC3)C45CCC(CC4)CC5,Chiral,Chiral,Chiral,Chiral,Chiral
VS172,C1[C@H]2CC=C[C@@H]12,Chiral,Chiral,Chiral,Chiral,Chiral
VS173,O[C@@H](C(/C=C\C1C=C1)(/C=C\C2C=C2)/C=C\C3C=C3)[C@@]45C=C[C@@H](C=C4)C=C5,Chiral,Chiral,Chiral,Chiral,Chiral
VS174,C1CCC=C[C@H]2[C@H]1CCC2,Chiral,Chiral,Chiral,Chiral,Chiral
VS188,C\C=C/1\C/C(/C1)=C\C,Achiral,Achiral,Achiral,Achiral,Achiral
VS189,C/C=C/1\CC/C(/CC1)=C\C,Achiral,Achiral,Achiral,Achiral,Achiral
VS190,C/C=C/1\C/C(/C1)=C/2\C\C(\C2)=C\C,Achiral,Achiral,Achiral,Achiral,Achiral
VS191,C/C=C\C/C(=C\[C@H](C=C(C/C=C\C)C/C=C\C)O)/C/C=C/C,Chiral,Chiral,Chiral,Chiral,Chiral
VS192,C/C=C(/CCC[C@@H](CCC/C(=C\C)/Cl)O)\Cl,Chiral,Chiral,Chiral,Chiral,Chiral
VS193,C/C=C(/CCC[C@H](CCC/C(=C\C)/Cl)O)\Cl,Chiral,Chiral,Chiral,Chiral,Chiral
VS194,C/C=C\CCC[C@@H](CCC/C=C/C)O,Chiral,Chiral,Chiral,Chiral,Chiral
VS195,C/C=C\C[C@@H](C/C=C/C)O,Chiral,Chiral,Chiral,Chiral,Chiral
VS196,Cl[C@H]1[C@H]([C@H]([C@@H]([C@@H]([C@H]1Cl)Cl)Cl)Cl)Cl,Achiral,Achiral,Achiral,Achiral,Chiral
VS197,Cl[C@H]1[C@@H]([C@H]([C@@H]([C@@H]([C@H]1Cl)Cl)Cl)Cl)Cl,Chiral,Chiral,Chiral,Chiral,Achiral
VS198,C[C@@H]([C@H](C([C@@H](C([C@@H]([C@@H](C)Cl)C)([C@H](C)[C@@H](C)Cl)[C@@H](C)[C@@H](C)Cl)O)([C@H](C)[C@H](C)Cl)[C@@H](C)[C@@H](C)Cl)C)Cl,Chiral,Chiral,Chiral,Chiral,Chiral
VS199,O=C([C@H]([C@H]([C@@H]([C@@H]([C@H](C(O)=O)Cl)Cl)Cl)Cl)Cl)O,Chiral,Chiral,Chiral,Chiral,Chiral
VS200,Cl[C@H](C(O)=O)[C@@H]([C@@H]([C@@H]([C@@H](C(O)=O)Cl)Cl)Cl)Cl,Chiral,Chiral,Chiral,Chiral,Chiral
VS201,O=C([C@H]([C@H]([C@@H]([C@H]([C@@H](C(O)=O)Cl)Cl)Cl)Cl)Cl)O,Chiral,Chiral,Chiral,Chiral,Chiral
VS202,O=C([C@@H](N([C@@H](C)O)[C@@H](C)O)N([C@@H](C)O)[C@H](C)O)O,Chiral,Chiral,Chiral,Chiral,Chiral
VS203,C[C@H]([C@H](ON([C@@H](N(C[C@@H]([C@H](C)O)O)O[C@H]([C@H](C)O)O)Cl)C[C@H]([C@H](C)O)O)O)O,Chiral,Chiral,Chiral,Chiral,Chiral
VS204,C[C@@H]([C@@H](ON([C@@H](N(O[C@@H]([C@@H](C)O)O)C[C@H]([C@H](C)O)O)Cl)C[C@@H]([C@H](C)O)O)O)O,Chiral,Chiral,Chiral,Chiral,Chiral
VS205,C[C@H]1CC[C@H](CC1)[C@@H]2CC[C@H](CC2)[C@@H]3CC[C@@H](CC3)C,Achiral,Achiral,Achiral,Achiral,Achiral
VS206,C[C@@H]1CC[C@@H](CC1)[C@@H]2CC[C@@H](CC2)C,Achiral,Achiral,Achiral,Achiral,Achiral
VS207,C[C@H]1CC[C@@H]([C@@]2([C@@H]3CC[C@@H](C)CC3)CC[C@@H](C)CC2)CC1,Achiral,Achiral,Achiral,Achiral,Chiral
VS208,OC=1C2=CC(=C(C1)O)[C@H](C=3C(=CC(=C([C@H](C=4C=C([C@H](C=5C=C([C@H]2CCCCCCCCC)C(=CC5O)O)CCCCCCCCC)C(=CC4O)O)CCCCCCCCC)C3)O)O)CCCCCCCCC,Achiral,Achiral,Achiral,Achiral,Achiral
VS209,Cl[C@@H]1[C@H]([C@@H]([C@H]([C@@H]([C@H]1Cl)Cl)Cl)Cl)Cl,Achiral,Achiral,Achiral,Achiral,Achiral
VS210,Cl[C@H]1[C@H]([C@H]([C@H]([C@H]([C@H]1Cl)Cl)Cl)Cl)Cl,Achiral,Achiral,Achiral,Achiral,Achiral
VS211,C1[C@@H]2CCCC[C@@H]2CCC1,Achiral,Achiral,Achiral,Achiral,Achiral
VS212,C1[C@@H]2CCCC[C@H]2CCC1,Achiral,Achiral,Achiral,Achiral,Chiral
VS213,O[C@H]1CC[C@@](CC1)(Cl)C,Achiral,Achiral,Achiral,Achiral,Achiral
VS214,CC[C@@H]1CC/C(/CC1)=C\2/CC[C@H](CC2)CC,Achiral,Achiral,Achiral,Achiral,Achiral
VS215,C1=C2[C@@H]3C(C=NC4=CC=CC(=N1)[C@@H]43)=CC=C2,Achiral,Achiral,Achiral,Chiral,Chiral
VS216,C1=C2[C@H]3C(C=NC4=CC=CC(=N1)[C@H]43)=CC=C2,Achiral,Achiral,Achiral,Chiral,Chiral
VS217,C1=C2[C@H]3C(C=CC4=CC=CC(=C1)[C@H]43)=CC=C2,Achiral,Achiral,Achiral,Achiral,Achiral
VS218,C1=CC2=CC=C3C=CC4=CC=C5C=CC6=CC=C1[C@H]1C2=C3[C@@H]4C5=C61,Achiral,Achiral,Achiral,Achiral,Achiral
VS219,O[C@H]1C[C@@H](C1)O,Achiral,Achiral,Achiral,Achiral,Achiral
VS220,Br[C@@]1(CC[C@H]([C@@H]2CC[C@H](CC2)CCCC)CC1)C3=CC=C(C=C3)CC,Achiral,Achiral,Achiral,Achiral,Achiral
VS221,O[C@@H]1CC[C@H](CC1)O,Achiral,Achiral,Achiral,Achiral,Achiral
VS222,O[C@H]1CC[C@H](CC1)O,Achiral,Achiral,Achiral,Achiral,Achiral
VS223,OC=1C2=CC(=C(C1)O)[C@H](C=3C(=CC(=C([C@H](C=4C=C([C@H](C=5C=C([C@H]2C)C(=CC5O)O)C)C(=CC4O)O)C)C3)O)O)C,Achiral,Achiral,Achiral,Achiral,Achiral
VS224,N#CC(C(C#N)(C#N)[C@@H]1CC[C@@H](CC1)C)(C#N)[C@@H]2CC[C@H](CC2)C,Achiral,Achiral,Achiral,Achiral,Chiral
VS225,C[C@H]1C=2C(=CC=CC2)[C@H](C3=C1C=CC=C3)C,Achiral,Achiral,Achiral,Achiral,Achiral
VS226,C[C@H]1CC[C@@H](CC1)[C@@]2(CC[C@]([C@H]3CC[C@@H](CC3)C)([C@@H]4CC[C@@H](CC4)C)CC2)[C@H]5CC[C@H](CC5)C,Achiral,Achiral,Achiral,Achiral,Achiral
VS227,O=C([C@H]([C@@H]([C@H](C(O)=O)Cl)Cl)Cl)O,Achiral,Achiral,Achiral,Achiral,Achiral
VS228,O=C([C@H]([C@H]([C@H](C(O)=O)Cl)Cl)Cl)O,Achiral,Achiral,Achiral,Achiral,Achiral
VS229,C/C=C(/[C@H](Cl)C)\[C@H](C)Cl,Chiral,Chiral,Chiral,Chiral,Chiral
VS230,S[C@H]1[C@H](C[C@H](C1)S)S,Achiral,Achiral,Achiral,Achiral,Achiral
VS233,Cl[C@@H]([C@H]([C@H](Cl)N([C@H](Cl)[C@@H]([C@@H](Cl)C)[C@@H](Cl)C)CC[C@@H](O)CCN([C@@H](Cl)[C@@H]([C@H](Cl)C)[C@H](Cl)C)[C@H](Cl)[C@H]([C@@H](Cl)C)[C@H](Cl)C)[C@@H](Cl)C)C,Achiral,Achiral,Achiral,Achiral,Achiral
VS234,O[C@H](C1=C(C=CC=C1)[C@H](O)C)C2=CC=CC=C2[C@@H](O)C,Achiral,Achiral,Achiral,Achiral,Achiral
VS235,CN1[C@@H]2C[C@H](C[C@H]1CC2)OC([C@H](CO)C=3C=CC=CC3)=O,Chiral,Chiral,Chiral,Chiral,Chiral
VS236,C[C@@H]([C@H]([C@@H](C)S)S)S,Achiral,Achiral,Achiral,Achiral,Achiral
VS237,O=[S@](CC)[C@H](O)[S@](CC)=O,Achiral,Achiral,Achiral,Achiral,Achiral
VS238,C[C@H]1[C@H]2CCC[C@@H]1CC2,Achiral,Achiral,Achiral,Achiral,Achiral
VS239,O[C@@H](N([C@@H]([C@@H](Cl)C)Cl)[C@H]([C@@H](Cl)C)Cl)N([C@@H]([C@@H](C)Cl)Cl)[C@H]([C@@H](C)Cl)Cl,Achiral,Achiral,Achiral,Achiral,Achiral
VS240,C[C@@H]1C\C=C\CC[C@@H](CC\C=C\C1)O,Achiral,Achiral,Achiral,Achiral,Achiral
VS241,O[C@H]1C[C@H]2N[C@@H](C1)CC2,Achiral,Achiral,Achiral,Achiral,Achiral
VS242,C[C@@H](Cl)[C@H](Cl)[C@@H]([C@H](Cl)[C@@H](Cl)C)CN(C[C@@H]([C@H](Cl)[C@H](Cl)C)[C@@H](Cl)[C@@H](Cl)C)[C@H](O)N(C[C@H]([C@@H](Cl)[C@H](Cl)C)[C@H](Cl)[C@@H](Cl)C)C[C@H]([C@H](Cl)[C@H](Cl)C)[C@@H](Cl)[C@@H](Cl)C,Chiral,Chiral,Chiral,Chiral,Chiral
VS244,C[C@@H]([C@@]([C@@H](C)Cl)(C[C@@H](C)Br)C[C@H](C)Br)Cl,Chiral,Chiral,Chiral,Chiral,Chiral
VS245,C(=C(/[C@H](C)Cl)\[C@H](Cl)C)(\[C@H](C)Br)/[C@H](Br)C,Achiral,Achiral,Achiral,Achiral,Achiral
VS246,C/C=C/1\CC[C@H](C)CC1,Achiral,Achiral,Achiral,Achiral,Achiral
VS247,O/N=C/1\CC[C@@H](CC1)C,Achiral,Achiral,Achiral,Achiral,Achiral
VS248,CCC[C@H]1C/C(/C1)=C/Br,Achiral,Achiral,Achiral,Achiral,Achiral
VS249,Cl[C@@H]([C@H]([C@H](Cl)[C@@H]([C@H](Cl)[C@@H]([C@@H](Cl)C)[C@@H](Cl)C)[C@H](Br)C[C@@H](O)C[C@H](Br)[C@@H]([C@@H](Cl)[C@@H]([C@H](Cl)C)[C@H](Cl)C)[C@H](Cl)[C@H]([C@@H](Cl)C)[C@H](Cl)C)[C@@H](Cl)C)C,Achiral,Achiral,Achiral,Achiral,Achiral
VS250,Cl[C@@H]([C@H]([C@H](Cl)[C@@H]([C@H](Cl)[C@@H]([C@@H](Cl)C)[C@@H](Cl)C)[C@@H](Br)C[C@@H](O)C[C@@H](Br)[C@@H]([C@@H](Cl)[C@@H]([C@H](Cl)C)[C@H](Cl)C)[C@H](Cl)[C@H]([C@@H](Cl)C)[C@H](Cl)C)[C@@H](Cl)C)C,Achiral,Achiral,Achiral,Achiral,Achiral
VS251,C[C@H]([C@@H]([C@H](C([C@@H](C)Cl)[C@H](Cl)C)O)[C@H](C)Cl)Cl,Chiral,Chiral,Chiral,Chiral,Chiral
VS252,CO[C@@H]1[C@@H]([C@@H]([C@H]1OC)OC)OC,Achiral,Achiral,Achiral,Achiral,Chiral
VS253,Cl[C@@H]1[C@@H]([C@@H]([C@H]([C@H]([C@H]1Cl)Cl)Cl)Cl)Cl,Achiral,Achiral,Achiral,Achiral,Chiral
VS254,Cl[C@H]1[C@@H]([C@H]([C@H]([C@@H]([C@H]1Cl)Cl)Cl)Cl)Cl,Achiral,Achiral,Achiral,Achiral,Achiral
VS255,Cl[C@H]1[C@H]([C@H]([C@H]([C@@H]([C@H]1Cl)Cl)Cl)Cl)Cl,Achiral,Achiral,Achiral,Achiral,Chiral
VS256,O1[C@@]2([C@]3([C@]4([C@]25CO5)CO4)CO3)C1,Achiral,Achiral,Achiral,Achiral,Chiral
VS257,Cl[C@H]([C@@H]1CC[C@H](CC1)C)C,Chiral,Chiral,Chiral,Chiral,Chiral
VS258,Cl[C@@H]([C@@H]1CC[C@H](CC1)C)C,Chiral,Chiral,Chiral,Chiral,Chiral
VS259,C1[C@H](CCC=C1)[C@H]2CC[C@@H](CC2)/C=N/[C@H]3CC[C@@H](CC3)C4=CC=CC=C4,Chiral,Chiral,Chiral,Chiral,Chiral
VS260,C[C@@H]1CC[C@@H](CC1)[C@@H]2CC[C@@H](C[C@@H]2O)C,Chiral,Chiral,Chiral,Chiral,Chiral
VS261,C[C@@H](Cl)[C@H](Cl)[C@@H]([C@H](Cl)[C@@H](Cl)C)C[C@H](C[C@@H]([C@H](Cl)[C@H](Cl)C)[C@@H](Cl)[C@@H](Cl)C)CCC[C@@](CCC[C@H](C[C@H]([C@@H](Cl)[C@H](Cl)C)[C@H](Cl)[C@@H](Cl)C)C[C@H]([C@H](Cl)[C@H](Cl)C)[C@@H](Cl)[C@@H](Cl)C)([C@H](C)Cl)[C@@H](C)Cl,Chiral,Chiral,Chiral,Chiral,Chiral
VS262,C[C@@H](Cl)C([C@@H](C)Cl)[C@H](Cl)N(CC[C@H](O)CCN([C@@H](Cl)[C@@H]([C@@H](C)Cl)[C@H](C)Cl)[C@H](Cl)C([C@@H](C)Cl)[C@@H](C)Cl)[C@H](Cl)[C@@H]([C@@H](C)Cl)[C@H](C)Cl,Chiral,Chiral,Chiral,Chiral,Chiral
VS263,C[C@@H](Cl)[C@H](Cl)[C@@H]([C@H](Cl)[C@@H](Cl)C)C[C@H](C[C@@H]([C@H](Cl)[C@H](Cl)C)[C@@H](Cl)[C@@H](Cl)C)CCC[C@@](CCC[C@H](C[C@H]([C@@H](Cl)[C@H](Cl)C)[C@H](Cl)[C@@H](Cl)C)C[C@H]([C@H](Cl)[C@H](Cl)C)[C@@H](Cl)[C@@H](Cl)C)([C@H](C)Cl)[C@@H](C)Cl,Chiral,Chiral,Chiral,Chiral,Chiral
VS264,C[C@@H](Cl)[C@H](Cl)[C@@H]([C@H](Cl)[C@@H](Cl)C)CN(C[C@@H]([C@H](Cl)[C@H](Cl)C)[C@@H](Cl)[C@@H](Cl)C)CCC[C@@](CCCN(C[C@H]([C@@H](Cl)[C@H](Cl)C)[C@H](Cl)[C@@H](Cl)C)C[C@H]([C@H](Cl)[C@H](Cl)C)[C@@H](Cl)[C@@H](Cl)C)([C@H](C)F)[C@@H](C)F,Achiral,Achiral,Achiral,Achiral,Achiral
VS265,C[C@@H](Cl)[C@H](Cl)[C@@H]([C@H](Cl)[C@@H](Cl)C)C[C@H](C[C@@H]([C@H](Cl)[C@H](Cl)C)[C@@H](Cl)[C@@H](Cl)C)CCC[C@@](CCC[C@H](C[C@H]([C@@H](Cl)[C@H](Cl)C)[C@H](Cl)[C@@H](Cl)C)C[C@H]([C@H](Cl)[C@H](Cl)C)[C@@H](Cl)[C@@H](Cl)C)(CC)[C@@H](C)Cl,Chiral,Chiral,Chiral,Chiral,Chiral
VS266,C[C@@H](Cl)[C@H](Cl)[C@@H]([C@H](Cl)[C@@H](Cl)C)CN(C[C@@H]([C@H](Cl)[C@H](Cl)C)[C@@H](Cl)[C@@H](Cl)C)CCC[C@@](CCCN(C[C@H]([C@@H](Cl)[C@H](Cl)C)[C@H](Cl)[C@@H](Cl)C)C[C@H]([C@H](Cl)[C@H](Cl)C)[C@@H](Cl)[C@@H](Cl)C)(CC)[C@@H](C)F,Chiral,Chiral,Chiral,Chiral,Chiral
VS267,C[C@@H](Cl)[C@H](Cl)[C@@H]([C@H](Cl)[C@H](C)Cl)CN(CC[C@@](CCN(C[C@@H]([C@@H](Cl)[C@H](C)Cl)[C@H](Cl)[C@@H](C)Cl)C[C@@H]([C@H](Cl)[C@H](C)Cl)[C@@H](Cl)[C@@H](C)Cl)([C@H](F)C)[C@H](C)F)C[C@H]([C@@H](Cl)[C@H](C)Cl)[C@H](Cl)[C@@H](C)Cl,Achiral,Achiral,Achiral,Achiral,Achiral
VS268,C[C@@H](Cl)[C@H](Cl)[C@@H]([C@H](Cl)[C@H](C)Cl)C[C@@H](CC[C@@](CC[C@H](C[C@@H]([C@@H](Cl)[C@H](C)Cl)[C@H](Cl)[C@@H](C)Cl)C[C@@H]([C@H](Cl)[C@H](C)Cl)[C@@H](Cl)[C@@H](C)Cl)([C@H](F)C)[C@H](C)F)C[C@H]([C@@H](Cl)[C@H](C)Cl)[C@H](Cl)[C@@H](C)Cl,Chiral,Chiral,Chiral,Chiral,Chiral
VS269,Cl[C@@H]([C@H]([C@H](Cl)[C@@H]([C@H](Cl)[C@@H]([C@@H](Cl)C)[C@@H](Cl)C)[C@H](Br)C[C@@H](O)C[C@@H](Br)[C@@H]([C@@H](Cl)[C@@H]([C@H](Cl)C)[C@H](Cl)C)[C@H](Cl)[C@H]([C@@H](Cl)C)[C@H](Cl)C)[C@@H](Cl)C)C,Chiral,Chiral,Chiral,Chiral,Chiral
VS270,Cl[C@@H]([C@H]([C@H](Cl)[C@@H]([C@H](Cl)[C@@H]([C@@H](Cl)C)[C@@H](Cl)C)[C@@H](Br)C[C@@H](O)C[C@H](Br)[C@@H]([C@@H](Cl)[C@@H]([C@H](Cl)C)[C@H](Cl)C)[C@H](Cl)[C@H]([C@@H](Cl)C)[C@H](Cl)C)[C@@H](Cl)C)C,Chiral,Chiral,Chiral,Chiral,Chiral
VS271,C[C@@H]([C@@H]([C@H]([C@@H]([C@H]([C@@H]([C@H](C)O)O)[C@H]([C@H](C)O)O)C)[C@@H]([C@H](O)C)O)O)O,Chiral,Chiral,Chiral,Chiral,Chiral
VS272,C[C@H]([C@H]([C@H](\C(=C/1\[C@H](Br)/C(=C(\[C@@H]([C@@H]([C@H](C)Cl)[C@H](C)Cl)Cl)/[C@@H](Cl)[C@@H]([C@H](C)Cl)[C@@H](C)Cl)/[C@@H]1Br)\[C@@H](Cl)[C@@H]([C@H](C)Cl)[C@H](C)Cl)Cl)[C@H](C)Cl)Cl,Chiral,Chiral,Chiral,Chiral,Chiral
VS273,C[C@H]([C@H]([C@@]([C@@H]([C@@]([C@@H]([C@H](C)Cl)[C@@H](Cl)C)([C@H]([C@H](C)Cl)[C@@H](C)Cl)[C@@H]([C@H](C)Cl)[C@@H](C)Cl)O)([C@H]([C@H](C)Cl)[C@H](C)Cl)[C@@H]([C@@H](Cl)C)[C@@H](C)Cl)[C@H](C)Cl)Cl,Chiral,Chiral,Chiral,Chiral,Chiral
VS274,C[C@H]([C@H]([C@@]([C@@H]([C@@]([C@@H]([C@H](C)Cl)[C@@H](C)Cl)([C@H]([C@@H](C)Cl)[C@@H](C)Cl)[C@@H]([C@@H](C)Cl)[C@H](C)Cl)O)([C@H]([C@@H](C)Cl)[C@H](C)Cl)[C@@H]([C@H](C)Cl)[C@H](C)Cl)[C@@H](Cl)C)Cl,Achiral,Achiral,Achiral,Achiral,Achiral
VS275,Cl[C@@H]([C@H]([C@H](Cl)[C@@H]([C@H](Cl)[C@@H]([C@H](Cl)C)[C@@H](Cl)C)[C@H](Br)C[C@@H](O)C[C@@H](Br)[C@H]([C@H](Cl)[C@@H]([C@@H](Cl)C)[C@H](Cl)C)[C@@H](Cl)[C@H]([C@H](Cl)C)[C@@H](Cl)C)[C@@H](Cl)C)C,Chiral,Chiral,Chiral,Chiral,Chiral
VS276,C[C@H]([C@@H]([C@H]([C@@H]([C@@H](C)Cl)[C@@H](Cl)C)O)[C@H](C)Cl)Cl,Chiral,Chiral,Chiral,Chiral,Chiral
VS277,Cl[C@@H]([C@H]([C@H](Cl)[C@@H]([C@H](Cl)[C@@H]([C@@H](Cl)C)[C@@H](Cl)C)[C@@H](Br)C[C@@H](O)C[C@@H](Br)[C@@H]([C@@H](Cl)[C@@H]([C@H](Cl)C)[C@H](Cl)C)[C@H](Cl)[C@H]([C@H](Cl)C)[C@@H](Cl)C)[C@@H](Cl)C)C,Chiral,Chiral,Chiral,Chiral,Chiral
VS278,Cl[C@@H]([C@H]([C@H](Cl)[C@@H]([C@H](Cl)[C@@H]([C@H](Cl)C)[C@@H](Cl)C)[C@H](Br)C[C@@H](O)C[C@@H](Br)[C@H]([C@H](Cl)[C@@H]([C@H](Cl)C)[C@@H](Cl)C)[C@@H](Cl)[C@H]([C@H](Cl)C)[C@@H](Cl)C)[C@@H](Cl)C)C,Chiral,Chiral,Chiral,Chiral,Chiral
VS279,O[C@@H](C[C@H]1CC[C@@H](CC1)C)C[C@@H]2CC[C@@H](CC2)C,Chiral,Chiral,Achiral,Achiral,Chiral
VS280,C1C[C@]23CCC[C@@]24CCC[C@@]45CCC[C@@]56CCC[C@]36C1,Chiral,Chiral,Achiral,Achiral,Achiral
VS281,C1=C2[C@@]34C(=C1)CCCCC3=CC=C4CCCC2,Chiral,Chiral,Achiral,Achiral,Achiral
VS282,C1=C2[C@]34C(=C1)CCCCC3=CC=C4CCCC2,Chiral,Chiral,Achiral,Achiral,Achiral
VS283,C1=C2[C@@H]3C(CCC=C3CC1)=CCC2,Chiral,Chiral,Achiral,Achiral,Achiral
VS284,C1=C2[C@H]3C(CCC=C3CC1)=CCC2,Chiral,Chiral,Achiral,Achiral,Achiral
VS285,O=C1[C@]2(NCC1)C(CCN2)=O,Chiral,Chiral,Achiral,Achiral,Achiral
VS286,C1[C@@]2(CC[C@]13CCCC3)C[C@@]4(CC2)CCCC4,Chiral,Chiral,Achiral,Achiral,Chiral
VS288,O=C1[C@@]2(CCCC2=O)CCC1,Chiral,Chiral,Achiral,Achiral,Achiral
VS289,C1=C2[C@@H]3C(C1)=CCC3=CC2,Chiral,Chiral,Achiral,Achiral,Achiral
VS290,C1=C2[C@H]3C(C1)=CCC3=CC2,Chiral,Chiral,Achiral,Achiral,Achiral
VS291,C1[C@@]2(OCC1)OCCC2,Chiral,Chiral,Achiral,Achiral,Achiral
VS292,C1=C2[C@@]34C(=C1)CCC3=CC=C4CC2,Chiral,Chiral,Achiral,Achiral,Achiral
VS293,C\1C/C/2=C/CC/C/3=C/CC/C(=C1)/C[C@@H](C2)C3,Chiral,Chiral,Achiral,Achiral,Chiral
VS294,O[C@H]1O[C@@]2(O[C@H]1O)O[C@H]([C@H](O2)O)O,Chiral,Chiral,Achiral,Achiral,Achiral
VS295,O[C@H]1O[C@@]2(O[C@H]1O)O[C@@H]([C@@H](O2)O)O,Chiral,Chiral,Achiral,Achiral,Achiral
VS296,C1[C@@]2(OCCC1)CC[C@]3(CC2)CC[C@@]4(CC3)OCCCC4,Chiral,Chiral,Achiral,Achiral,Chiral
VS297,C1[C@@]2(CC[C@]3(C1)OCCC3)CC[C@@]4(CC2)CCCO4,Chiral,Chiral,Achiral,Achiral,Achiral
VS298,Cl[C@H]1C[C@]2(C1)C[C@H](C2)Cl,Chiral,Chiral,Achiral,Achiral,Chiral
VS299,C\C=C/1\C[C@]2(C\C(\C2)=C\C)C1,Achiral,Achiral,Achiral,Achiral,Achiral
VS300,O[C@H](C[C@@]12C=3CCC=C2CCC=C1CCC3)C[C@]45C=6CCC=C5CCC=C4CCC6,Chiral,Chiral,Achiral,Achiral,Achiral
